{"cameraMode":{"drawMode":0,"name":"Shaded","section":"Shading Mode"},"sceneLighting":false,"audioPlay":false,"sceneViewState":{"m_AlwaysRefresh":false,"showFog":true,"showSkybox":false,"showFlares":true,"showImageEffects":true,"showParticleSystems":true,"showVisualEffectGraphs":true,"m_FxEnabled":true},"in2DMode":false,"pivot":{"x":0.06859792768955231,"y":1.3690805435180665,"z":0.32716822624206545},"rotation":{"x":-0.0008168429485522211,"y":-0.9953416585922241,"z":0.09615765511989594,"w":-0.008354074321687222},"size":1.221003532409668,"orthographic":false}